Workbook
Name int_nome_produto: Produtos!$A$4:$A$23

Sheet Produtos
A1: Meteora
A3: Produtos | B3: Tamanho | C3: Categoria | D3: Preço Unitário | E3: Quantidade
A4: Camiseta Lisa | B4: P | C4: Vestuário | D4: 25.9 | E4: 12
A5: Camiseta Lisa | B5: M | C5: Vestuário | D5: 29.9 | E5: 10
A6: Camiseta Lisa | B6: G | C6: Vestuário | D6: 32.9 | E6: 6
A7: Óculos | B7: Único | C7: Acessórios | D7: 399.9 | E7: 3
A8: Jaqueta | B8: P | C8: Vestuário | D8: 249.9 | E8: 1
A9: Jaqueta | B9: M | C9: Vestuário | D9: 259.9 | E9: 2
A10: Jaqueta | B10: G | C10: Vestuário | D10: 299.9 | E10: 1
A11: Calça | B11: P | C11: Vestuário | D11: 85.9 | E11: 8
A12: Calça | B12: M | C12: Vestuário | D12: 89.9 | E12: 5
A13: Calça | B13: G | C13: Vestuário | D13: 92.9 | E13: 6
A14: Vestido | B14: Único | C14: Vestuário | D14: 149.9 | E14: 2
A15: Bermuda | B15: P | C15: Vestuário | D15: 65.9 | E15: 12
... A17: Bermuda | B17: G | C17: Vestuário | D17: 70.9 | E17: 13
A18: Tênis | B18: 36 | C18: Calçado | D18: 199.9 | E18: 2
A19: Tênis | B19: 37 | C19: Calçado | D19: 249.9 | E19: 1
A20: Tênis | B20: 38 | C20: Calçado | D20: 259.9 | E20: 0
A21: Bolsa | B21: Único | C21: Acessórios | D21: 259.9 | E21: 1
A22: Boné | B22: Único | C22: Acessórios | D22: 39.9 | E22: 11
A23: Cinto | B23: Único | C23: Acessórios | D23: 49.9 | E23: 21

Sheet Tabelas de Produtos
A1: Meteora
A3: Código | B3: Produtos | C3: Tamanho | D3: Categoria | E3: Preço Unitário | F3: Preço c/ Desconto | G3: Quantidade | H3: Situação | I3: Valor Total | J3: Valor de Desconto
A4: PR002 | B4: Boné | C4: Único | D4: Acessórios | E4: 39.9 | F4: =Tabela1[[#This Row],[Preço Unitário]]-$L$5 -> 39.8 | H4: 11 | I4: =Tabela1[[#This Row],[Preço Unitário]]*Tabela1[[#This Row],[Quantidade]] -> 0 | J4: =Tabela1[[#This Row],[Valor Total]]*$L$5 -> 0 | L4: Desconto | N4: PONTO E VIRGULA (SOMENTE) | O4: =SUM(E4,E23) -> 69.8
A5: PR003 | B5: Camiseta Lisa | C5: P | D5: Vestuário | E5: 25.9 | F5: =Tabela1[[#This Row],[Preço Unitário]]-$L$5 -> 25.8 | G5: 12 | H5: 12 | I5: =Tabela1[[#This Row],[Preço Unitário]]*Tabela1[[#This Row],[Quantidade]] -> 310.8 | J5: =Tabela1[[#This Row],[Valor Total]]*$L$5 -> 31.08 | L5: 0.1 | N5: DOIS PONTOS (TUDO) | O5: =SUM(E4:E23) -> 2983
A6: PR004 | B6: Bermuda | C6: P | D6: Vestuário | E6: 65.9 | F6: =Tabela1[[#This Row],[Preço Unitário]]-$L$5 -> 65.8 | G6: 12 | H6: 12 | I6: =Tabela1[[#This Row],[Preço Unitário]]*Tabela1[[#This Row],[Quantidade]] -> 790.8 | J6: =Tabela1[[#This Row],[Valor Total]]*$L$5 -> 79.08 | N6: REFERENCIA ABSOLUTA (F4) | O6: =SUM($E$4:$E$23) -> 2983
A7: PR005 | B7: Bermuda | C7: G | D7: Vestuário | E7: 70.9 | F7: =Tabela1[[#This Row],[Preço Unitário]]-$L$5 -> 70.8 | G7: 13 | H7: 13 | I7: =Tabela1[[#This Row],[Preço Unitário]]*Tabela1[[#This Row],[Quantidade]] -> 921.7 | J7: =Tabela1[[#This Row],[Valor Total]]*$L$5 -> 92.17
A8: PR006 | B8: Bermuda | C8: M | D8: Vestuário | E8: 69.9 | F8: =Tabela1[[#This Row],[Preço Unitário]]-$L$5 -> 69.8 | G8: 15 | H8: 15 | I8: =Tabela1[[#This Row],[Preço Unitário]]*Tabela1[[#This Row],[Quantidade]] -> 1048.5 | J8: =Tabela1[[#This Row],[Valor Total]]*$L$5 -> 104.85
A9: PR007 | B9: Cinto | C9: Único | D9: Acessórios | E9: 49.9 | F9: =Tabela1[[#This Row],[Preço Unitário]]-$L$5 -> 49.8 | G9: 21 | H9: 21 | I9: =Tabela1[[#This Row],[Preço Unitário]]*Tabela1[[#This Row],[Quantidade]] -> 1047.9 | J9: =Tabela1[[#This Row],[Valor Total]]*$L$5 -> 104.79
A10: PR001 | B10: Tênis | C10: 38 | D10: Calçado | E10: 259.9 | F10: =Tabela1[[#This Row],[Preço Unitário]]-$L$5 -> 259.8 | G10: 2 | H10: 0 | I10: =Tabela1[[#This Row],[Preço Unitário]]*Tabela1[[#This Row],[Quantidade]] -> 519.8 | J10: =Tabela1[[#This Row],[Valor Total]]*$L$5 -> 51.98
A11: PR008 | B11: Bolsa | C11: Único | D11: Acessórios | E11: 259.9 | F11: =Tabela1[[#This Row],[Preço Unitário]]-$L$5 -> 259.8 | G11: 1 | H11: 1 | I11: =Tabela1[[#This Row],[Preço Unitário]]*Tabela1[[#This Row],[Quantidade]] -> 259.9 | J11: =Tabela1[[#This Row],[Valor Total]]*$L$5 -> 25.99
A12: PR009 | B12: Tênis | C12: 37 | D12: Calçado | E12: 249.9 | F12: =Tabela1[[#This Row],[Preço Unitário]]-$L$5 -> 249.8 | G12: 1 | H12: 1 | I12: =Tabela1[[#This Row],[Preço Unitário]]*Tabela1[[#This Row],[Quantidade]] -> 249.9 | J12: =Tabela1[[#This Row],[Valor Total]]*$L$5 -> 24.99
A13: PR010 | B13: Jaqueta | C13: P | D13: Vestuário | E13: 249.9 | F13: =Tabela1[[#This Row],[Preço Unitário]]-$L$5 -> 249.8 | G13: 1 | H13: 1 | I13: =Tabela1[[#This Row],[Preço Unitário]]*Tabela1[[#This Row],[Quantidade]] -> 249.9 | J13: =Tabela1[[#This Row],[Valor Total]]*$L$5 -> 24.99
A14: PR011 | B14: Jaqueta | C14: G | D14: Vestuário | E14: 299.9 | F14: =Tabela1[[#This Row],[Preço Unitário]]-$L$5 -> 299.8 | G14: 1 | H14: 1 | I14: =Tabela1[[#This Row],[Preço Unitário]]*Tabela1[[#This Row],[Quantidade]] -> 299.9 | J14: =Tabela1[[#This Row],[Valor Total]]*$L$5 -> 29.99
A15: PR012 | B15: Tênis | C15: 36 | D15: Calçado | E15: 199.9 | F15: =Tabela1[[#This Row],[Preço Unitário]]-$L$5 -> 199.8 | G15: 2 | H15: 2 | I15: =Tabela1[[#This Row],[Preço Unitário]]*Tabela1[[#This Row],[Quantidade]] -> 399.8 | J15: =Tabela1[[#This Row],[Valor Total]]*$L$5 -> 39.98
A16: PR013 | B16: Vestido | C16: Único | D16: Vestuário | E16: 149.9 | F16: =Tabela1[[#This Row],[Preço Unitário]]-$L$5 -> 149.8 | G16: 2 | H16: 2 | I16: =Tabela1[[#This Row],[Preço Unitário]]*Tabela1[[#This Row],[Quantidade]] -> 299.8 | J16: =Tabela1[[#This Row],[Valor Total]]*$L$5 -> 29.98
A17: PR014 | B17: Jaqueta | C17: M | D17: Vestuário | E17: 259.9 | F17: =Tabela1[[#This Row],[Preço Unitário]]-$L$5 -> 259.8 | G17: 2 | H17: 2 | I17: =Tabela1[[#This Row],[Preço Unitário]]*Tabela1[[#This Row],[Quantidade]] -> 519.8 | J17: =Tabela1[[#This Row],[Valor Total]]*$L$5 -> 51.98
A18: PR015 | B18: Óculos | C18: Único | D18: Acessórios | E18: 399.9 | F18: =Tabela1[[#This Row],[Preço Unitário]]-$L$5 -> 399.8 | G18: 3 | H18: 3 | I18: =Tabela1[[#This Row],[Preço Unitário]]*Tabela1[[#This Row],[Quantidade]] -> 1199.7 | J18: =Tabela1[[#This Row],[Valor Total]]*$L$5 -> 119.97
A19: PR016 | B19: Calça | C19: M | D19: Vestuário | E19: 89.9 | F19: =Tabela1[[#This Row],[Preço Unitário]]-$L$5 -> 89.8 | G19: 5 | H19: 5 | I19: =Tabela1[[#This Row],[Preço Unitário]]*Tabela1[[#This Row],[Quantidade]] -> 449.5 | J19: =Tabela1[[#This Row],[Valor Total]]*$L$5 -> 44.95
A20: PR017 | B20: Camiseta Lisa | C20: G | D20: Vestuário | E20: 32.9 | F20: =Tabela1[[#This Row],[Preço Unitário]]-$L$5 -> 32.8 | G20: 6 | H20: 6 | I20: =Tabela1[[#This Row],[Preço Unitário]]*Tabela1[[#This Row],[Quantidade]] -> 197.4 | J20: =Tabela1[[#This Row],[Valor Total]]*$L$5 -> 19.74
A21: PR018 | B21: Calça | C21: G | D21: Vestuário | E21: 92.9 | F21: =Tabela1[[#This Row],[Preço Unitário]]-$L$5 -> 92.8 | G21: 6 | H21: 6 | I21: =Tabela1[[#This Row],[Preço Unitário]]*Tabela1[[#This Row],[Quantidade]] -> 557.4 | J21: =Tabela1[[#This Row],[Valor Total]]*$L$5 -> 55.74
A22: PR019 | B22: Calça | C22: P | D22: Vestuário | E22: 85.9 | F22: =Tabela1[[#This Row],[Preço Unitário]]-$L$5 -> 85.8 | G22: 8 | H22: 8 | I22: =Tabela1[[#This Row],[Preço Unitário]]*Tabela1[[#This Row],[Quantidade]] -> 687.2 | J22: =Tabela1[[#This Row],[Valor Total]]*$L$5 -> 68.72
A23: PR020 | B23: Camiseta Lisa | C23: M | D23: Vestuário | E23: 29.9 | F23: =Tabela1[[#This Row],[Preço Unitário]]-$L$5 -> 29.8 | G23: 10 | H23: 10 | I23: =Tabela1[[#This Row],[Preço Unitário]]*Tabela1[[#This Row],[Quantidade]] -> 299 | J23: =Tabela1[[#This Row],[Valor Total]]*$L$5 -> 29.9
D24: Total | E24: =SUM(E4:E23) -> 2983 | F24: =SUBTOTAL(109,F4:F23) -> 2981 | G24: =SUBTOTAL(109,G4:G23) -> 123 | H24: =SUBTOTAL(109,H4:H23) -> 132 | I24: =SUBTOTAL(109,I4:I23) -> 10308.7 | J24: =SUBTOTAL(109,J4:J23) -> 1030.87

Sheet Vendas
A1: Meteora - Vendas
A3: Mês | B3: Data | C3: Código | D3: Tamanho | E3: Categoria | F3: Quantidade | G3: Unitário | H3: Total | I3: Vendedor
A4: =MONTH(Tabela3[[#This Row],[Data]]) -> 1 | B4: 45662 | C4: PR001 | D4: Único | E4: Acessórios | F4: 1 | G4: =_xlfn.XLOOKUP(Tabela3[[#This Row],[Código]],Tabela1[Código],Tabela1[Preço Unitário],"",0) -> 259.9 | H4: =Tabela3[[#This Row],[Quantidade]]*Tabela3[[#This Row],[Unitário]] -> 259.9 | I4: João
A5: =MONTH(Tabela3[[#This Row],[Data]]) -> 1 | B5: 45663 | C5: PR002 | D5: 36 | E5: Calçados | F5: 1 | G5: =_xlfn.XLOOKUP(Tabela3[[#This Row],[Código]],Tabela1[Código],Tabela1[Preço Unitário],"",0) -> 39.9 | H5: =Tabela3[[#This Row],[Quantidade]]*Tabela3[[#This Row],[Unitário]] -> 39.9 | I5: Clara
A6: =MONTH(Tabela3[[#This Row],[Data]]) -> 1 | B6: 45664 | C6: PR003 | D6: 37 | E6: Calçados | F6: 2 | G6: =_xlfn.XLOOKUP(Tabela3[[#This Row],[Código]],Tabela1[Código],Tabela1[Preço Unitário],"",0) -> 25.9 | H6: =Tabela3[[#This Row],[Quantidade]]*Tabela3[[#This Row],[Unitário]] -> 51.8 | I6: Sarah
A7: =MONTH(Tabela3[[#This Row],[Data]]) -> 1 | B7: 45665 | C7: PR004 | D7: M | E7: Vestuário | F7: 1 | G7: =_xlfn.XLOOKUP(Tabela3[[#This Row],[Código]],Tabela1[Código],Tabela1[Preço Unitário],"",0) -> 65.9 | H7: =Tabela3[[#This Row],[Quantidade]]*Tabela3[[#This Row],[Unitário]] -> 65.9 | I7: Sarah
A8: =MONTH(Tabela3[[#This Row],[Data]]) -> 1 | B8: 45666 | C8: PR005 | D8: M | E8: Vestuário | F8: 1 | G8: =_xlfn.XLOOKUP(Tabela3[[#This Row],[Código]],Tabela1[Código],Tabela1[Preço Unitário],"",0) -> 70.9 | H8: =Tabela3[[#This Row],[Quantidade]]*Tabela3[[#This Row],[Unitário]] -> 70.9 | I8: Clara
A9: =MONTH(Tabela3[[#This Row],[Data]]) -> 1 | B9: 45667 | C9: PR006 | D9: 36 | E9: Calçados | F9: 1 | G9: =_xlfn.XLOOKUP(Tabela3[[#This Row],[Código]],Tabela1[Código],Tabela1[Preço Unitário],"",0) -> 69.9 | H9: =Tabela3[[#This Row],[Quantidade]]*Tabela3[[#This Row],[Unitário]] -> 69.9 | I9: Clara
A10: =MONTH(Tabela3[[#This Row],[Data]]) -> 1 | B10: 45668 | C10: PR007 | D10: Único | E10: Acessórios | F10: 1 | G10: =_xlfn.XLOOKUP(Tabela3[[#This Row],[Código]],Tabela1[Código],Tabela1[Preço Unitário],"",0) -> 49.9 | H10: =Tabela3[[#This Row],[Quantidade]]*Tabela3[[#This Row],[Unitário]] -> 49.9 | I10: João
A11: =MONTH(Tabela3[[#This Row],[Data]]) -> 1 | B11: 45669 | C11: PR008 | D11: M | E11: Vestuário | F11: 2 | G11: =_xlfn.XLOOKUP(Tabela3[[#This Row],[Código]],Tabela1[Código],Tabela1[Preço Unitário],"",0) -> 259.9 | H11: =Tabela3[[#This Row],[Quantidade]]*Tabela3[[#This Row],[Unitário]] -> 519.8 | I11: Clara
A12: =MONTH(Tabela3[[#This Row],[Data]]) -> 1 | B12: 45670 | C12: PR009 | D12: G | E12: Vestuário | F12: 2 | G12: =_xlfn.XLOOKUP(Tabela3[[#This Row],[Código]],Tabela1[Código],Tabela1[Preço Unitário],"",0) -> 249.9 | H12: =Tabela3[[#This Row],[Quantidade]]*Tabela3[[#This Row],[Unitário]] -> 499.8 | I12: Clara
A13: =MONTH(Tabela3[[#This Row],[Data]]) -> 1 | B13: 45671 | C13: PR010 | D13: M | E13: Vestuário | F13: 1 | G13: =_xlfn.XLOOKUP(Tabela3[[#This Row],[Código]],Tabela1[Código],Tabela1[Preço Unitário],"",0) -> 249.9 | H13: =Tabela3[[#This Row],[Quantidade]]*Tabela3[[#This Row],[Unitário]] -> 249.9 | I13: Sarah
A14: =MONTH(Tabela3[[#This Row],[Data]]) -> 1 | B14: 45672 | C14: PR011 | D14: G | E14: Vestuário | F14: 1 | G14: =_xlfn.XLOOKUP(Tabela3[[#This Row],[Código]],Tabela1[Código],Tabela1[Preço Unitário],"",0) -> 299.9 | H14: =Tabela3[[#This Row],[Quantidade]]*Tabela3[[#This Row],[Unitário]] -> 299.9 | I14: João
A15: =MONTH(Tabela3[[#This Row],[Data]]) -> 2 | B15: 45704 | C15: PR012 | D15: Único | E15: Acessórios | F15: 1 | G15: =_xlfn.XLOOKUP(Tabela3[[#This Row],[Código]],Tabela1[Código],Tabela1[Preço Unitário],"",0) -> 199.9 | H15: =Tabela3[[#This Row],[Quantidade]]*Tabela3[[#This Row],[Unitário]] -> 199.9 | I15: Sarah
A16: =MONTH(Tabela3[[#This Row],[Data]]) -> 2 | B16: 45705 | C16: PR013 | D16: P | E16: Vestuário | F16: 2 | G16: =_xlfn.XLOOKUP(Tabela3[[#This Row],[Código]],Tabela1[Código],Tabela1[Preço Unitário],"",0) -> 149.9 | H16: =Tabela3[[#This Row],[Quantidade]]*Tabela3[[#This Row],[Unitário]] -> 299.8 | I16: João
A17: =MONTH(Tabela3[[#This Row],[Data]]) -> 2 | B17: 45706 | C17: PR014 | D17: 37 | E17: Calçados | F17: 1 | G17: =_xlfn.XLOOKUP(Tabela3[[#This Row],[Código]],Tabela1[Código],Tabela1[Preço Unitário],"",0) -> 259.9 | H17: =Tabela3[[#This Row],[Quantidade]]*Tabela3[[#This Row],[Unitário]] -> 259.9 | I17: Clara
A18: =MONTH(Tabela3[[#This Row],[Data]]) -> 2 | B18: 45707 | C18: PR015 | D18: G | E18: Vestuário | F18: 2 | G18: =_xlfn.XLOOKUP(Tabela3[[#This Row],[Código]],Tabela1[Código],Tabela1[Preço Unitário],"",0) -> 399.9 | H18: =Tabela3[[#This Row],[Quantidade]]*Tabela3[[#This Row],[Unitário]] -> 799.8 | I18: Sarah
A19: =MONTH(Tabela3[[#This Row],[Data]]) -> 3 | B19: 45736 | C19: PR016 | D19: 38 | E19: Calçados | F19: 4 | G19: =_xlfn.XLOOKUP(Tabela3[[#This Row],[Código]],Tabela1[Código],Tabela1[Preço Unitário],"",0) -> 89.9 | H19: =Tabela3[[#This Row],[Quantidade]]*Tabela3[[#This Row],[Unitário]] -> 359.6 | I19: João
A20: =MONTH(Tabela3[[#This Row],[Data]]) -> 3 | B20: 45737 | C20: PR017 | D20: P | E20: Vestuário | F20: 3 | G20: =_xlfn.XLOOKUP(Tabela3[[#This Row],[Código]],Tabela1[Código],Tabela1[Preço Unitário],"",0) -> 32.9 | H20: =Tabela3[[#This Row],[Quantidade]]*Tabela3[[#This Row],[Unitário]] -> 98.7 | I20: João
A21: =MONTH(Tabela3[[#This Row],[Data]]) -> 3 | B21: 45738 | C21: PR018 | D21: M | E21: Vestuário | F21: 2 | G21: =_xlfn.XLOOKUP(Tabela3[[#This Row],[Código]],Tabela1[Código],Tabela1[Preço Unitário],"",0) -> 92.9 | H21: =Tabela3[[#This Row],[Quantidade]]*Tabela3[[#This Row],[Unitário]] -> 185.8 | I21: Clara
A22: =MONTH(Tabela3[[#This Row],[Data]]) -> 3 | B22: 45739 | C22: PR019 | D22: M | E22: Vestuário | F22: 3 | G22: =_xlfn.XLOOKUP(Tabela3[[#This Row],[Código]],Tabela1[Código],Tabela1[Preço Unitário],"",0) -> 85.9 | H22: =Tabela3[[#This Row],[Quantidade]]*Tabela3[[#This Row],[Unitário]] -> 257.7 | I22: Sarah
A23: =MONTH(Tabela3[[#This Row],[Data]]) -> 3 | B23: 45740 | C23: PR020 | D23: 37 | E23: Calçados | F23: 1 | G23: =_xlfn.XLOOKUP(Tabela3[[#This Row],[Código]],Tabela1[Código],Tabela1[Preço Unitário],"",0) -> 29.9 | H23: =Tabela3[[#This Row],[Quantidade]]*Tabela3[[#This Row],[Unitário]] -> 29.9 | I23: Clara
A24: =MONTH(Tabela3[[#This Row],[Data]]) -> 4 | B24: 45765 | C24: PR014 | D24: 37 | E24: Calçados | F24: 1 | G24: =_xlfn.XLOOKUP(Tabela3[[#This Row],[Código]],Tabela1[Código],Tabela1[Preço Unitário],"",0) -> 259.9 | H24: =Tabela3[[#This Row],[Quantidade]]*Tabela3[[#This Row],[Unitário]] -> 259.9 | I24: Clara
A25: =MONTH(Tabela3[[#This Row],[Data]]) -> 4 | B25: 45766 | C25: PR015 | D25: G | E25: Vestuário | F25: 2 | G25: =_xlfn.XLOOKUP(Tabela3[[#This Row],[Código]],Tabela1[Código],Tabela1[Preço Unitário],"",0) -> 399.9 | H25: =Tabela3[[#This Row],[Quantidade]]*Tabela3[[#This Row],[Unitário]] -> 799.8 | I25: Sarah
A26: =MONTH(Tabela3[[#This Row],[Data]]) -> 4 | B26: 45767 | C26: PR016 | D26: 38 | E26: Calçados | F26: 3 | G26: =_xlfn.XLOOKUP(Tabela3[[#This Row],[Código]],Tabela1[Código],Tabela1[Preço Unitário],"",0) -> 89.9 | H26: =Tabela3[[#This Row],[Quantidade]]*Tabela3[[#This Row],[Unitário]] -> 269.7 | I26: João
A27: =MONTH(Tabela3[[#This Row],[Data]]) -> 4 | B27: 45768 | C27: PR017 | D27: P | E27: Vestuário | F27: 4 | G27: =_xlfn.XLOOKUP(Tabela3[[#This Row],[Código]],Tabela1[Código],Tabela1[Preço Unitário],"",0) -> 32.9 | H27: =Tabela3[[#This Row],[Quantidade]]*Tabela3[[#This Row],[Unitário]] -> 131.6 | I27: João
A28: =MONTH(Tabela3[[#This Row],[Data]]) -> 4 | B28: 45769 | C28: PR018 | D28: M | E28: Vestuário | F28: 5 | G28: =_xlfn.XLOOKUP(Tabela3[[#This Row],[Código]],Tabela1[Código],Tabela1[Preço Unitário],"",0) -> 92.9 | H28: =Tabela3[[#This Row],[Quantidade]]*Tabela3[[#This Row],[Unitário]] -> 464.5 | I28: Clara
A29: =MONTH(Tabela3[[#This Row],[Data]]) -> 4 | B29: 45770 | C29: PR019 | D29: M | E29: Vestuário | F29: 6 | G29: =_xlfn.XLOOKUP(Tabela3[[#This Row],[Código]],Tabela1[Código],Tabela1[Preço Unitário],"",0) -> 85.9 | H29: =Tabela3[[#This Row],[Quantidade]]*Tabela3[[#This Row],[Unitário]] -> 515.4 | I29: Sarah
A30: =MONTH(Tabela3[[#This Row],[Data]]) -> 4 | B30: 45771 | C30: PR020 | D30: 37 | E30: Calçados | F30: 7 | G30: =_xlfn.XLOOKUP(Tabela3[[#This Row],[Código]],Tabela1[Código],Tabela1[Preço Unitário],"",0) -> 29.9 | H30: =Tabela3[[#This Row],[Quantidade]]*Tabela3[[#This Row],[Unitário]] -> 209.3 | I30: Clara
A31: =MONTH(Tabela3[[#This Row],[Data]]) -> 5 | B31: 45786 | C31: PR005 | D31: M | E31: Vestuário | F31: 1 | G31: =_xlfn.XLOOKUP(Tabela3[[#This Row],[Código]],Tabela1[Código],Tabela1[Preço Unitário],"",0) -> 70.9 | H31: =Tabela3[[#This Row],[Quantidade]]*Tabela3[[#This Row],[Unitário]] -> 70.9 | I31: Clara
A32: =MONTH(Tabela3[[#This Row],[Data]]) -> 5 | B32: 45787 | C32: PR006 | D32: 36 | E32: Calçados | F32: 1 | G32: =_xlfn.XLOOKUP(Tabela3[[#This Row],[Código]],Tabela1[Código],Tabela1[Preço Unitário],"",0) -> 69.9 | H32: =Tabela3[[#This Row],[Quantidade]]*Tabela3[[#This Row],[Unitário]] -> 69.9 | I32: Clara
A33: =MONTH(Tabela3[[#This Row],[Data]]) -> 5 | B33: 45788 | C33: PR007 | D33: Único | E33: Acessórios | F33: 1 | G33: =_xlfn.XLOOKUP(Tabela3[[#This Row],[Código]],Tabela1[Código],Tabela1[Preço Unitário],"",0) -> 49.9 | H33: =Tabela3[[#This Row],[Quantidade]]*Tabela3[[#This Row],[Unitário]] -> 49.9 | I33: João
A34: =MONTH(Tabela3[[#This Row],[Data]]) -> 5 | B34: 45789 | C34: PR008 | D34: M | E34: Vestuário | F34: 2 | G34: =_xlfn.XLOOKUP(Tabela3[[#This Row],[Código]],Tabela1[Código],Tabela1[Preço Unitário],"",0) -> 259.9 | H34: =Tabela3[[#This Row],[Quantidade]]*Tabela3[[#This Row],[Unitário]] -> 519.8 | I34: Clara
A35: =MONTH(Tabela3[[#This Row],[Data]]) -> 5 | B35: 45790 | C35: PR009 | D35: G | E35: Vestuário | F35: 2 | G35: =_xlfn.XLOOKUP(Tabela3[[#This Row],[Código]],Tabela1[Código],Tabela1[Preço Unitário],"",0) -> 249.9 | H35: =Tabela3[[#This Row],[Quantidade]]*Tabela3[[#This Row],[Unitário]] -> 499.8 | I35: Clara

Sheet Tabela Dinamica
B3: Produtos | C3: Soma de Quantidade | M3: Lado direito do mouse para adicionar o gráfico em outra tabela
B4: Bermuda | C4: 40
B5: Bolsa | C5: 1
B6: Boné | C6: 11
B7: Calça | C7: 19
B8: Camiseta Lisa | C8: 28
B9: Cinto | C9: 21
B10: Jaqueta | C10: 4
B11: Óculos | C11: 3
B12: Tênis | C12: 3
B13: Vestido | C13: 2
B14: Total Geral | C14: 132

Sheet Filtro Avançado
B2: Quantidade
B3: 2
B5: Produtos | C5: Tamanho | D5: Categoria | E5: Preço Unitário | F5: Preço c/ Desconto | G5: Quantidade | H5: Valor Total | I5: Valor de Desconto
B6: {=_xlfn._xlws.FILTER(Tabela1[],Tabela1[Quantidade]=$B$3,"")} -> PR001 | C6: Tênis | D6: 38 | E6: Calçado | F6: 259.9 | G6: 259.8 | H6: 2 | I6: 0 | J6: 519.8 | K6: 51.98
B7: PR012 | C7: Tênis | D7: 36 | E7: Calçado | F7: 199.9 | G7: 199.8 | H7: 2 | I7: 2 | J7: 399.8 | K7: 39.98
B8: PR013 | C8: Vestido | D8: Único | E8: Vestuário | F8: 149.9 | G8: 149.8 | H8: 2 | I8: 2 | J8: 299.8 | K8: 29.98
B9: PR014 | C9: Jaqueta | D9: M | E9: Vestuário | F9: 259.9 | G9: 259.8 | H9: 2 | I9: 2 | J9: 519.8 | K9: 51.98

Sheet Contagem Produtos
A1: Meus Números
B3: Todos os Produtos | H3: Tênis | K3: -->
B4: Contagem de Produtos (Nome) | C4: Contagem de Produtos (Quantidade) | D4: Soma Qtd. Estoque | E4: Média de Qtd. Estoque | H4: Contagem de Produtos | I4: Soma Qtd. Estoque_SE | J4: Média Qtd. Estoque_SE
B5: =COUNTA(Tabela1[Produtos]) -> 20 | C5: =COUNTIF(Tabela1[Quantidade],">0") -> 19 | D5: =Tabela1[[#Totals],[Quantidade]] -> 123 | E5: =AVERAGE(Tabela1[Quantidade]) -> 6.4736842 | H5: =COUNTIF(Tabela1[Produtos],'Contagem Produtos'!H3) -> 3 | I5: =SUMIF(Tabela1[Produtos],'Contagem Produtos'!H3,Tabela1[Quantidade]) -> 5 | J5: =AVERAGEIF(Tabela1[Produtos],H3,Tabela1[Quantidade]) -> 1.6666667
A7: Em Tabelas | B7: =CONT.VALORES(Tabela1[Produtos])'
A8: Sem Tabelas | B8: =CONT.VALORES(Produtos!E4:E23)'

Sheet Dashboard
B2: Total de Produtos | N2: Produtos Vendidos | Z2: Total de Vendas
B3: =COUNTA(Tabela3[Código]) -> 32 | N3: =SUM(Tabela3[Quantidade]) -> 68 | Z3: =SUM(Tabela3[Total]) -> 8529.2
B9: Vendas Mensais
B21: Vendas por Categoria | T21: Ranking Vendedores

Sheet Dados
A1: Vendedores | B1: Qtd. Vendida | C1: Total Vendido | F1: N Mes | G1: Meses | H1: Faturamento | I1: Qtd. | L1: Categoria | M1: % Categoria | N1: % Restante | O1: Total
A2: João | B2: =COUNTIF(Tabela3[Vendedor],A2) -> 9 | C2: =SUMIF(Tabela3[Vendedor],A2,Tabela3[Total]) -> 1819 | F2: 1 | G2: Jan | H2: =SUMIF(Tabela3[Mês],Dados!F2,Tabela3[Total]) -> 2177.6 | I2: =SUMIF(Tabela3[Mês],Dados!F2,Tabela3[Quantidade]) -> 14 | L2: Acessórios | M2: =O2/SUM($O$2:$O$4) -> 0.065609905 | N2: =1-M2 -> 0.9343901 | O2: =SUMIF(Tabela3[Categoria],Dados!L2,Tabela3[Total]) -> 559.6
A3: Clara | B3: =COUNTIF(Tabela3[Vendedor],A3) -> 15 | C3: =SUMIF(Tabela3[Vendedor],A3,Tabela3[Total]) -> 3770 | F3: 2 | G3: Fev | H3: =SUMIF(Tabela3[Mês],Dados!F3,Tabela3[Total]) -> 1559.4 | I3: =SUMIF(Tabela3[Mês],Dados!F3,Tabela3[Quantidade]) -> 6 | L3: Calçados | M3: =O3/SUM($O$2:$O$4) -> 0.1899123 | N3: =1-M3 -> 0.8100877 | O3: =SUMIF(Tabela3[Categoria],Dados!L3,Tabela3[Total]) -> 1619.8
A4: Sarah | B4: =COUNTIF(Tabela3[Vendedor],A4) -> 8 | C4: =SUMIF(Tabela3[Vendedor],A4,Tabela3[Total]) -> 2940.2 | F4: 3 | G4: Mar | H4: =SUMIF(Tabela3[Mês],Dados!F4,Tabela3[Total]) -> 931.7 | I4: =SUMIF(Tabela3[Mês],Dados!F4,Tabela3[Quantidade]) -> 13 | L4: Vestuário | M4: =O4/SUM($O$2:$O$4) -> 0.74447779 | N4: =1-M4 -> 0.25552221 | O4: =SUMIF(Tabela3[Categoria],Dados!L4,Tabela3[Total]) -> 6349.8
F5: 4 | G5: Abr | H5: =SUMIF(Tabela3[Mês],Dados!F5,Tabela3[Total]) -> 2650.2 | I5: =SUMIF(Tabela3[Mês],Dados!F5,Tabela3[Quantidade]) -> 28
F6: 5 | G6: Mai | H6: =SUMIF(Tabela3[Mês],Dados!F6,Tabela3[Total]) -> 1210.3 | I6: =SUMIF(Tabela3[Mês],Dados!F6,Tabela3[Quantidade]) -> 7
F7: 6 | G7: Jun | H7: =SUMIF(Tabela3[Mês],Dados!F7,Tabela3[Total]) -> 0 | I7: =SUMIF(Tabela3[Mês],Dados!F7,Tabela3[Quantidade]) -> 0
F8: 7 | G8: Jul | H8: =SUMIF(Tabela3[Mês],Dados!F8,Tabela3[Total]) -> 0 | I8: =SUMIF(Tabela3[Mês],Dados!F8,Tabela3[Quantidade]) -> 0
F9: 8 | G9: Ago | H9: =SUMIF(Tabela3[Mês],Dados!F9,Tabela3[Total]) -> 0 | I9: =SUMIF(Tabela3[Mês],Dados!F9,Tabela3[Quantidade]) -> 0
F10: 9 | G10: Set | H10: =SUMIF(Tabela3[Mês],Dados!F10,Tabela3[Total]) -> 0 | I10: =SUMIF(Tabela3[Mês],Dados!F10,Tabela3[Quantidade]) -> 0
F11: 10 | G11: Out | H11: =SUMIF(Tabela3[Mês],Dados!F11,Tabela3[Total]) -> 0 | I11: =SUMIF(Tabela3[Mês],Dados!F11,Tabela3[Quantidade]) -> 0
F12: 11 | G12: Nov | H12: =SUMIF(Tabela3[Mês],Dados!F12,Tabela3[Total]) -> 0 | I12: =SUMIF(Tabela3[Mês],Dados!F12,Tabela3[Quantidade]) -> 0
F13: 12 | G13: Dez | H13: =SUMIF(Tabela3[Mês],Dados!F13,Tabela3[Total]) -> 0 | I13: =SUMIF(Tabela3[Mês],Dados!F13,Tabela3[Quantidade]) -> 0
